{"count":1,"self":27416.6398976,"total":30289.56412,"children":{"InitializeActuators":{"count":18,"self":0.004311,"total":0.004311,"children":null},"InitializeSensors":{"count":18,"self":0.0045439999999999994,"total":0.0045439999999999994,"children":null},"AgentSendState":{"count":928577,"self":68.8176576,"total":251.859749,"children":{"CollectObservations":{"count":3342888,"self":40.664815999999995,"total":40.664815,"children":null},"WriteActionMask":{"count":3342888,"self":16.7043024,"total":16.704303,"children":null},"RequestDecision":{"count":3342888,"self":39.738848,"total":125.67297099999999,"children":{"AgentInfo.ToProto":{"count":1671444,"self":22.558336,"total":85.934123,"children":{"GenerateSensorData":{"count":1671444,"self":63.375788799999995,"total":63.375786999999995,"children":null}}}}}}},"DecideAction":{"count":928577,"self":2563.00544,"total":2563.005456,"children":null},"AgentAct":{"count":928577,"self":53.895903999999994,"total":58.048224999999995,"children":{"AgentInfo.ToProto":{"count":61460,"self":1.1852099999999999,"total":4.15232,"children":{"GenerateSensorData":{"count":61460,"self":2.96711,"total":2.96711,"children":null}}}}}},"gauges":{"Pathfinder.CumulativeReward":{"count":61460,"max":998.65,"min":-19007.0078,"runningAverage":71.2259445,"value":995.6,"weightedAverage":972.788452},"Collider.CumulativeReward":{"count":61460,"max":994.175537,"min":-21055.3984,"runningAverage":-4827.07275,"value":-1100.10254,"weightedAverage":-1210.487}},"metadata":{"timer_format_version":"0.1.0","start_time_seconds":"1733088513","unity_version":"6000.0.25f1","command_line_arguments":"\/home\/a\/Unity\/Hub\/Editor\/6000.0.25f1\/Editor\/Unity -projectpath \/home\/a\/Projects\/Sosna -useHub -hubIPC -cloudEnvironment production","communication_protocol_version":"1.5.0","com.unity.ml-agents_version":"3.0.0","scene_name":"TrainingScene","end_time_seconds":"1733118803"}}