{"count":1,"self":43.7659264,"total":233.761741,"children":{"InitializeActuators":{"count":18,"self":0.0045709999999999995,"total":0.0045709999999999995,"children":null},"InitializeSensors":{"count":18,"self":0.0028369999999999997,"total":0.0028369999999999997,"children":null},"AgentSendState":{"count":38434,"self":2.479645,"total":10.348491,"children":{"CollectObservations":{"count":138366,"self":1.7075449999999999,"total":1.7075449999999999,"children":null},"WriteActionMask":{"count":138366,"self":0.609062,"total":0.609062,"children":null},"RequestDecision":{"count":138366,"self":1.9804199999999998,"total":5.552239,"children":{"AgentInfo.ToProto":{"count":138366,"self":1.50548,"total":3.5718189999999996,"children":{"GenerateSensorData":{"count":138366,"self":2.0663389999999997,"total":2.0663389999999997,"children":null}}}}}}},"DecideAction":{"count":38434,"self":176.7204224,"total":176.720426,"children":null},"AgentAct":{"count":38434,"self":2.683162,"total":2.917645,"children":{"AgentInfo.ToProto":{"count":6073,"self":0.094765999999999989,"total":0.234483,"children":{"GenerateSensorData":{"count":6073,"self":0.13971699999999998,"total":0.13971699999999998,"children":null}}}}}},"gauges":{"Collider.CumulativeReward":{"count":4219,"max":20000,"min":-22197.16,"runningAverage":-10477.8994,"value":-10858.1748,"weightedAverage":-8033.261},"Pathfinder.CumulativeReward":{"count":1854,"max":2030.38391,"min":-5229.693,"runningAverage":-2287.449,"value":1006.13129,"weightedAverage":-1929.59607}},"metadata":{"timer_format_version":"0.1.0","start_time_seconds":"1733325939","unity_version":"6000.0.29f1","command_line_arguments":"\/home\/a\/Unity\/Hub\/Editor\/6000.0.29f1\/Editor\/Unity -projectpath \/home\/a\/Projects\/Sosna -useHub -hubIPC -cloudEnvironment production","communication_protocol_version":"1.5.0","com.unity.ml-agents_version":"3.0.0","scene_name":"TrainingScene","end_time_seconds":"1733326173"}}