{"count":1,"self":203.567232,"total":204.09269899999998,"children":{"InitializeActuators":{"count":1,"self":0.003862,"total":0.003862,"children":null},"InitializeSensors":{"count":1,"self":0.0027029999999999997,"total":0.0027029999999999997,"children":null},"AgentSendState":{"count":10078,"self":0.11767899999999999,"total":0.168772,"children":{"CollectObservations":{"count":2016,"self":0.016612,"total":0.016612,"children":null},"WriteActionMask":{"count":2016,"self":0.013672,"total":0.013672,"children":null},"RequestDecision":{"count":2016,"self":0.020808999999999998,"total":0.020808999999999998,"children":null}}},"DecideAction":{"count":10078,"self":0.15387699999999999,"total":0.15387699999999999,"children":null},"AgentAct":{"count":10078,"self":0.19486299999999998,"total":0.19486299999999998,"children":null}},"gauges":{},"metadata":{"timer_format_version":"0.1.0","start_time_seconds":"1730380440","unity_version":"6000.0.25f1","command_line_arguments":"\/home\/a\/Unity\/Hub\/Editor\/6000.0.25f1\/Editor\/Unity -projectpath \/home\/a\/Projects\/Sosna -useHub -hubIPC -cloudEnvironment production","communication_protocol_version":"1.5.0","com.unity.ml-agents_version":"3.0.0","scene_name":"TrainingScene","end_time_seconds":"1730380644"}}