{"count":1,"self":119.3834624,"total":121.09419,"children":{"InitializeActuators":{"count":9,"self":0.0032819999999999998,"total":0.0032819999999999998,"children":null},"InitializeSensors":{"count":9,"self":0.00268,"total":0.00268,"children":null},"AgentSendState":{"count":5904,"self":0.21181899999999998,"total":0.45496899999999996,"children":{"CollectObservations":{"count":10629,"self":0.11685699999999999,"total":0.11685699999999999,"children":null},"WriteActionMask":{"count":10629,"self":0.044406999999999995,"total":0.044406999999999995,"children":null},"RequestDecision":{"count":10629,"self":0.081886,"total":0.081886,"children":null}}},"DecideAction":{"count":5904,"self":1.072589,"total":1.072589,"children":null},"AgentAct":{"count":5904,"self":0.17557899999999999,"total":0.17557899999999999,"children":null}},"gauges":{"Pathfinder.CumulativeReward":{"count":398,"max":7.700001,"min":-142.09964,"runningAverage":2.38692713,"value":4.39999676,"weightedAverage":4.15896273}},"metadata":{"timer_format_version":"0.1.0","start_time_seconds":"1730636627","unity_version":"6000.0.25f1","command_line_arguments":"\/home\/a\/Unity\/Hub\/Editor\/6000.0.25f1\/Editor\/Unity -projectpath \/home\/a\/Projects\/Sosna -useHub -hubIPC -cloudEnvironment production","communication_protocol_version":"1.5.0","com.unity.ml-agents_version":"3.0.0","scene_name":"TrainingScene","end_time_seconds":"1730636748"}}